cpus,total circuits,qubits,execution time
128,1024,25,890.1717383
256,1024,25,542.3048332
512,1024,25,413.5043457
1024,1024,25,280.2086813
2048,1024,25,255.4650926